TITLE	AUTHOR	SERIES	GENRE	PUBLISHER
Hochzeit im Palast des Prinzen	Lynne Graham	Julia Extra	liebes	Cora
Liebeszauber der Südsee	Robyn Donald	Julia Extra	liebes	Cora
Erpressung aus Leidenschaft	Sabrina Philips	Julia Extra	liebes	Cora
Maskenball auf der Insel der Liebe	Valerie Parv	Julia Extra	liebes	Cora
Traumfrau mit Hindernissen	Trish Wylie	Julia Extra	liebes	Cora
Ausgerechnet mit dem Boss?	Carol Marinelli	Julia Extra	liebes	Cora
Liebeszauber auf Santorin	Trish Morey	Julia Extra	liebes	Cora
Sag einfach nur: Ich liebe dich!	Sharon Kendrick	Julia Extra	liebes	Cora
Verführt von einem Playboy	Lindsay Armstrong	Julia Extra	liebes	Cora
Ein Schlossherr zum Verlieben	Christina Hollis	Julia Extra	liebes	Cora
Im Licht der Wintersonne	Natasha Oakley	Julia Extra	liebes	Cora
Liebessommer mit einem Fürsten	Sharon Kendrick	Julia Extra	liebes	Cora
Ein geheimnisvoller Geliebter	Cara Colter	Julia Extra	liebes	Cora
Brich mir nicht das Herz, Boss!	Maisey Yates	Julia Extra	liebes	Cora
Im Penthouse des griechischen Tycoons	Carole Mortimer	Julia Extra	liebes	Cora
Küsse, süß wie Schokolade	Shirley Jump	Julia Extra	liebes	Cora
Im goldenen Käfig des Italieners	Sharon Kendrick	Julia Extra	liebes	Cora
Im Sturm der Leidenschaft	Lynne Graham	Julia Extra	liebes	Cora
Sag doch bitte endlich Ja	Melanie Milburne	Julia Extra	liebes	Cora
Wüstenprinz und Herzensbrecher	Sharon Kendrick	Julia Extra	liebes	Cora
Ein Scheich für die Diamantenprinzessin	Susan Stephens	Julia Extra	liebes	Cora
Im Bett des spanischen Millionärs	Trish Morey	Julia Extra	liebes	Cora
Sizilianische Leidenschaft	Carol Marinelli	Julia Extra	liebes	Cora
Schöner als jeder Diamant	Carole Mortimer	Julia Extra	liebes	Cora
Wenn die Wüstensonne am Horizont versinkt	Sarah Morgan	Julia Extra	liebes	Cora
Aufregendes Rendezvous in Paris	Carole Mortimer	Julia Extra	liebes	Cora
Im Bann des sizilianischen Millionärs	Michelle Smart	Julia Extra	liebes	Cora
Keiner küsst besser als du!	Louisa George	Julia Extra	liebes	Cora
Zu viele Nächte ohne dich	Jessica Hart	Julia Extra	liebes	Cora
Rückkehr nach Cornwall	Jessica Gilmore	Julia Extra	liebes	Cora
Was kostet dein Herz?	Nicola Marsh	Julia Extra	liebes	Cora
Deine Lippen sind einfach unvergesslich!	Maggie Cox	Julia Extra	liebes	Cora
Die Braut des italienischen Milliardärs	Lynne Graham	Julia Extra	liebes	Cora
Heiß wie die Sonne Afrikas	Nina Harrington	Julia Extra	liebes	Cora
Mit zwei Männern vorm Altar	Margaret Way	Julia Extra	liebes	Cora
Unter tausend Wüstensternen	Lynn Raye Harris	Julia Extra	liebes	Cora
Eine filmreife Affäre	Leah Ashton	Julia Extra	liebes	Cora
Spiel nicht mit der Liebe!	Charlotte Phillips	Julia Extra	liebes	Cora
Zurück in die Arme des griechischen Millionärs?	Lynne Graham	Julia Extra	liebes	Cora
Die Jacht der geheimen Wünsche	Rebecca Winters	Julia Extra	liebes	Cora
Fahr mit mir ins Glück!	Miranda Lee	Julia Extra	liebes	Cora
Venedig, die Liebe und der Boss	Fiona Harper	Julia Extra	liebes	Cora
Zu einem Scheich sagt man nicht Nein	Lynne Graham	Julia Extra	liebes	Cora
Ein Sommer voller Sinnlichkeit	Teresa Southwick	Julia Extra	liebes	Cora
Sehnsucht unterm Wüstenhimmel	Michelle Conder	Julia Extra	liebes	Cora
Tropenwind auf zarter Haut	Elizabeth Power	Julia Extra	liebes	Cora
Unsere Kreuzfahrt ins Glück	Connie Cox	Julia Extra	liebes	Cora
Auf dem Landsitz des stolzen Italieners	Cathy Williams	Julia Extra	liebes	Cora
Cinderella und der Playboy	Jessica Gilmore	Julia Extra	liebes	Cora
Heirate mich, mein Engel!	Carole Mortimer	Julia Extra	liebes	Cora
Heiße Küsse für den Prinzen	Raye Morgan	Julia Extra	liebes	Cora
Küss mich in der Toskana!	Caroline Anderson	Julia Extra	liebes	Cora
Ein Boss zum Verlieben	Caitlin Crews	Julia Extra	liebes	Cora
Folge mir auf mein Schloss!	Sara Craven	Julia Extra	liebes	Cora
Geheime Leidenschaft am Mittelmeer	Rebecca Winters	Julia Extra	liebes	Cora
Heiße Winternächte in Paris	Melanie Milburne	Julia Extra	liebes	Cora
Ein Prinz zum Fest der Liebe	Jennifer Faye	Julia Extra	liebes	Cora
Wiedersehen unterm Mistelzweig	Cara Colter	Julia Extra	liebes	Cora
Zimtküsse und ein Heiratsantrag	Kate Hardy	Julia Extra	liebes	Cora
Blitzhochzeit in Griechenland	Kate Hewitt	Julia Extra	liebes	Cora
Sizilianisches Spiel mit dem Feuer	Rebecca Winters	Julia Extra	liebes	Cora
Verbotene Überstunden mit dem Boss	Cathy Williams	Julia Extra	liebes	Cora
Was ein Milliardär nicht kaufen kann	Carole Mortimer	Julia Extra	liebes	Cora
Flitterwochen mit Verspätung	Kate Hewitt	Julia Extra	liebes	Cora
Mit dir ins Paradies und zurück	Kandy Shepherd	Julia Extra	liebes	Cora
Wie zähmt man seinen Boss?	Carole Mortimer	Julia Extra	liebes	Cora
Im Bann der süßen Sinnlichkeit	Fiona Brand	Julia Extra	liebes	Cora
So betört von deiner Liebe	Jennifer Taylor	Julia Extra	liebes	Cora
Verbotene Träume des Glücks	Caitlin Crews	Julia Extra	liebes	Cora
Die verbotene Sehnsucht der Wüstenprinzessin	Annie West	Julia Extra	liebes	Cora
Heiße Küsse im tiefen Schnee	Cathy Williams	Julia Extra	liebes	Cora
Liebesnacht mit einem Playboymillionär	Sharon Kendrick	Julia Extra	liebes	Cora
Unterwegs mit dir ins große Glück	Nikki Logan	Julia Extra	liebes	Cora
Der süße Duft der Sehnsucht	Rebecca Winters	Julia Extra	liebes	Cora
Insel unserer Leidenschaft	Lynne Graham	Julia Extra	liebes	Cora
Neues Glück in den Armen des stolzen Spaniers?	Michelle Smart	Julia Extra	liebes	Cora
Wie widersteht man diesem Boss?	Jennifer Hayward	Julia Extra	liebes	Cora
Die weiße Jacht des Milliardärs	Jennifer Hayward	Julia Extra	liebes	Cora
Meine Königin der Nacht	Lynne Graham	Julia Extra	liebes	Cora
Tausend Küsse in der Toskana	Sophie Pembroke	Julia Extra	liebes	Cora
Vorhang auf für die große Liebe!	Kate Hardy	Julia Extra	liebes	Cora
Auf der Jacht des griechischen Tycoons	Lynne Graham	Julia Extra	liebes	Cora
Heirate lieber mich!	Sharon Kendrick	Julia Extra	liebes	Cora
Mein italienischer Traummann	Jennifer Faye	Julia Extra	liebes	Cora
Tausend Sterne über der Wüste	Kate Hewitt	Julia Extra	liebes	Cora
Die Geliebte des griechischen Milliardärs	Lynne Graham	Julia Extra	liebes	Cora
Ein Bräutigam zum Küssen	Carol Marinelli	Julia Extra	liebes	Cora
Nur ein Traum vom großen Glück?	Jackie Braun	Julia Extra	liebes	Cora
Wie zähmt man einen Playboy-Scheich?	Chantelle Shaw	Julia Extra	liebes	Cora
Gefangene deines Herzens	Michelle Conder	Julia Extra	liebes	Cora
Im Bann des reichen Playboys	Sophie Pembroke	Julia Extra	liebes	Cora
Karibische Nächte der Sehnsucht	Kat Cantrell	Julia Extra	liebes	Cora
Brennende Sehnsucht nach deinen Küssen	Michelle Douglas	Julia Extra	liebes	Cora
Die Geliebte des Diamanten-Millionärs	Chantelle Shaw	Julia Extra	liebes	Cora
Für uns soll’s rote Rosen regnen	Cathy Williams	Julia Extra	liebes	Cora
Heiße Leidenschaft – kaltes Herz?	Dani Collins	Julia Extra	liebes	Cora
Unternehmen „Stardust“	Scheer Karl-Herbert	Perry Rhodan	scifi	Pabel-Moewig
Die dritte Macht	Darlton Clark	Perry Rhodan	scifi	Pabel-Moewig
Die strahlende Kuppel	Scheer Karl-Herbert	Perry Rhodan	scifi	Pabel-Moewig
Götterdämmerung	Darlton Clark	Perry Rhodan	scifi	Pabel-Moewig
Atom-Alarm	Mahr Kurt	Perry Rhodan	scifi	Pabel-Moewig
Das Mutanten-Korps	Shols Winfried	Perry Rhodan	scifi	Pabel-Moewig
Invasion aus dem All	Darlton Clark	Perry Rhodan	scifi	Pabel-Moewig
Die Venusbasis	Mahr Kurt	Perry Rhodan	scifi	Pabel-Moewig
Hilfe für die Erde	Shols Winfried	Perry Rhodan	scifi	Pabel-Moewig
Raumschlacht im Wega-Sektor	Scheer Karl-Herbert	Perry Rhodan	scifi	Pabel-Moewig
Mutanten im Einsatz	Mahr Kurt	Perry Rhodan	scifi	Pabel-Moewig
Das Geheimnis der Zeitgruft	Darlton Clark	Perry Rhodan	scifi	Pabel-Moewig
Die Festung der sechs Monde	Scheer Karl-Herbert	Perry Rhodan	scifi	Pabel-Moewig
Das galaktische Rätsel	Darlton Clark	Perry Rhodan	scifi	Pabel-Moewig
Die Spur durch Zeit und Raum	Darlton Clark	Perry Rhodan	scifi	Pabel-Moewig
Die Geister von Gol	Mahr Kurt	Perry Rhodan	scifi	Pabel-Moewig
Planet der sterbenden Sonne	Mahr Kurt	Perry Rhodan	scifi	Pabel-Moewig
Die Rebellen von Tuglan	Darlton Clark	Perry Rhodan	scifi	Pabel-Moewig
Der Unsterbliche	Scheer Karl-Herbert	Perry Rhodan	scifi	Pabel-Moewig
Venus in Gefahr	Mahr Kurt	Perry Rhodan	scifi	Pabel-Moewig
Der Atomkrieg findet nicht statt	Mahr Kurt	Perry Rhodan	scifi	Pabel-Moewig
Thoras Flucht	Darlton Clark	Perry Rhodan	scifi	Pabel-Moewig
Geheimschaltung X	Shols Winfried	Perry Rhodan	scifi	Pabel-Moewig
Im Dschungel der Urwelt	Mahr Kurt	Perry Rhodan	scifi	Pabel-Moewig
Der Overhead	Mahr Kurt	Perry Rhodan	scifi	Pabel-Moewig
Duell der Mutanten	Darlton Clark	Perry Rhodan	scifi	Pabel-Moewig
Im Banne des Hypno	Darlton Clark	Perry Rhodan	scifi	Pabel-Moewig
Der kosmische Lockvogel	Scheer Karl-Herbert	Perry Rhodan	scifi	Pabel-Moewig
Die Flotte der Springer	Mahr Kurt	Perry Rhodan	scifi	Pabel-Moewig
Tifflor der Partisan	Mahr Kurt	Perry Rhodan	scifi	Pabel-Moewig
Der Kaiser von New York	Shols Winfried	Perry Rhodan	scifi	Pabel-Moewig
Ausflug in die Unendlichkeit	Darlton Clark	Perry Rhodan	scifi	Pabel-Moewig
Eiswelt in Flammen	Darlton Clark	Perry Rhodan	scifi	Pabel-Moewig
Levtan der Verräter	Brand Kurt	Perry Rhodan	scifi	Pabel-Moewig
Im Land der Götter	Mahr Kurt	Perry Rhodan	scifi	Pabel-Moewig
Die Seuche des Vergessens	Darlton Clark	Perry Rhodan	scifi	Pabel-Moewig
Ein Planet spielt verrückt	Darlton Clark	Perry Rhodan	scifi	Pabel-Moewig
Vorstoß nach Arkon	Mahr Kurt	Perry Rhodan	scifi	Pabel-Moewig
Die Welt der drei Planeten	Scheer Karl-Herbert	Perry Rhodan	scifi	Pabel-Moewig
Aktion gegen Unbekannt	Darlton Clark	Perry Rhodan	scifi	Pabel-Moewig
Der Partner des Giganten	Darlton Clark	Perry Rhodan	scifi	Pabel-Moewig
Raumschiff TITAN funkt SOS	Brand Kurt	Perry Rhodan	scifi	Pabel-Moewig
Rauschgifthändler der Galaxis	Mahr Kurt	Perry Rhodan	scifi	Pabel-Moewig
Der Mensch und das Monster	Scheer Karl-Herbert	Perry Rhodan	scifi	Pabel-Moewig
Seuchenherd Aralon	Darlton Clark	Perry Rhodan	scifi	Pabel-Moewig
Geschäfte mit Arkon-Stahl	Brand Kurt	Perry Rhodan	scifi	Pabel-Moewig
Gom antwortet nicht	Mahr Kurt	Perry Rhodan	scifi	Pabel-Moewig
Rotes Auge Beteigeuze	Darlton Clark	Perry Rhodan	scifi	Pabel-Moewig
Die Erde stirbt	Darlton Clark	Perry Rhodan	scifi	Pabel-Moewig
Der Einsame der Zeit	Scheer Karl-Herbert	Perry Rhodan	scifi	Pabel-Moewig
Jagd nach dem Leben	Brand Kurt	Perry Rhodan	scifi	Pabel-Moewig
Der falsche Inspekteur	Darlton Clark	Perry Rhodan	scifi	Pabel-Moewig
Die Verdammten von Isan	Mahr Kurt	Perry Rhodan	scifi	Pabel-Moewig
Der Zweikampf	Scheer Karl-Herbert	Perry Rhodan	scifi	Pabel-Moewig
Der Schatten des Overhead	Brand Kurt	Perry Rhodan	scifi	Pabel-Moewig
Die Toten leben	Darlton Clark	Perry Rhodan	scifi	Pabel-Moewig
Die Attentäter	Mahr Kurt	Perry Rhodan	scifi	Pabel-Moewig
Attacke aus dem Unsichtbaren	Darlton Clark	Perry Rhodan	scifi	Pabel-Moewig
Rückkehr aus dem Nichts	Mahr Kurt	Perry Rhodan	scifi	Pabel-Moewig
Festung Atlantis	Scheer Karl-Herbert	Perry Rhodan	scifi	Pabel-Moewig
Der Robot-Spion	Darlton Clark	Perry Rhodan	scifi	Pabel-Moewig
Die blauen Zwerge	Mahr Kurt	Perry Rhodan	scifi	Pabel-Moewig
Die Mikro-Techniker	Darlton Clark	Perry Rhodan	scifi	Pabel-Moewig
Im Zeit-Gefängnis	Darlton Clark	Perry Rhodan	scifi	Pabel-Moewig
Ein Hauch Ewigkeit	Darlton Clark	Perry Rhodan	scifi	Pabel-Moewig
Wächter der Verbannten	Mahr Kurt	Perry Rhodan	scifi	Pabel-Moewig
Zwischenspiel auf Siliko V	Brand Kurt	Perry Rhodan	scifi	Pabel-Moewig
Hetzjagd durch die Dimensionen	Mahr Kurt	Perry Rhodan	scifi	Pabel-Moewig
Im Halbraum lauert der Tod	Mahr Kurt	Perry Rhodan	scifi	Pabel-Moewig
Die letzten Tage von Atlantis	Scheer Karl-Herbert	Perry Rhodan	scifi	Pabel-Moewig
Fehlsprung der Tigris	Brand Kurt	Perry Rhodan	scifi	Pabel-Moewig
Die Gesandten von Aurigel	Mahr Kurt	Perry Rhodan	scifi	Pabel-Moewig
Die drei Deserteure	Mahr Kurt	Perry Rhodan	scifi	Pabel-Moewig
Das Grauen	Voltz William	Perry Rhodan	scifi	Pabel-Moewig
Das rote Universum	Scheer Karl-Herbert	Perry Rhodan	scifi	Pabel-Moewig
Unter den Sternen von Druufon	Darlton Clark	Perry Rhodan	scifi	Pabel-Moewig
In den Fesseln der Ewigkeit	Darlton Clark	Perry Rhodan	scifi	Pabel-Moewig
Thoras Opfergang	Brand Kurt	Perry Rhodan	scifi	Pabel-Moewig
Die Atomhölle von Gray Beast	Mahr Kurt	Perry Rhodan	scifi	Pabel-Moewig
In den Höhlen der Druuf	Mahr Kurt	Perry Rhodan	scifi	Pabel-Moewig
Raumschiff der Ahnen	Darlton Clark	Perry Rhodan	scifi	Pabel-Moewig
Schach dem Universum	Mahr Kurt	Perry Rhodan	scifi	Pabel-Moewig
Hallo Topsid, bitte melden!	Brand Kurt	Perry Rhodan	scifi	Pabel-Moewig
Rekruten für Arkon	Darlton Clark	Perry Rhodan	scifi	Pabel-Moewig
Kampfschule Naator	Darlton Clark	Perry Rhodan	scifi	Pabel-Moewig
Der Schlüssel zur Macht	Scheer Karl-Herbert	Perry Rhodan	scifi	Pabel-Moewig
Die Schläfer der ISC	Voltz William	Perry Rhodan	scifi	Pabel-Moewig
Der Fall Kolumbus	Scheer Karl-Herbert	Perry Rhodan	scifi	Pabel-Moewig
Guckys große Stunde	Brand Kurt	Perry Rhodan	scifi	Pabel-Moewig
Atlan in Not	Brand Kurt	Perry Rhodan	scifi	Pabel-Moewig
Ernst Ellerts Rückkehr	Darlton Clark	Perry Rhodan	scifi	Pabel-Moewig
Geheimmission Moluk	Voltz William	Perry Rhodan	scifi	Pabel-Moewig
Der Feind im Dunkel	Mahr Kurt	Perry Rhodan	scifi	Pabel-Moewig
Die flammende Sonne	Darlton Clark	Perry Rhodan	scifi	Pabel-Moewig
Himmel ohne Sterne	Darlton Clark	Perry Rhodan	scifi	Pabel-Moewig
Der Anti	Scheer Karl-Herbert	Perry Rhodan	scifi	Pabel-Moewig
Preis der Macht	Brand Kurt	Perry Rhodan	scifi	Pabel-Moewig
Entfesselte Gewalten	Brand Kurt	Perry Rhodan	scifi	Pabel-Moewig
Ein Freund der Menschen	Voltz William	Perry Rhodan	scifi	Pabel-Moewig
Der Zielstern	Scheer Karl-Herbert	Perry Rhodan	scifi	Pabel-Moewig
Der Weltraum-Tramp	Darlton Clark	Perry Rhodan	scifi	Pabel-Moewig
Abteilung III greift ein	Mahr Kurt	Perry Rhodan	scifi	Pabel-Moewig
Das Plasma-Ungeheuer	Brand Kurt	Perry Rhodan	scifi	Pabel-Moewig
Nur ein Greenhorn	Voltz William	Perry Rhodan	scifi	Pabel-Moewig
Die Geisterflotte	Darlton Clark	Perry Rhodan	scifi	Pabel-Moewig
Der Götze von Passa	Mahr Kurt	Perry Rhodan	scifi	Pabel-Moewig
Das blaue System	Scheer Karl-Herbert	Perry Rhodan	scifi	Pabel-Moewig
Die Wüste des Todes	Mahr Kurt	Perry Rhodan	scifi	Pabel-Moewig
Der Blockadering um Lepso	Brand Kurt	Perry Rhodan	scifi	Pabel-Moewig
Auf den Spuren der Antis	Voltz William	Perry Rhodan	scifi	Pabel-Moewig
Unter falscher Flagge	Darlton Clark	Perry Rhodan	scifi	Pabel-Moewig
Der Mann mit den zwei Gesichtern	Brand Kurt	Perry Rhodan	scifi	Pabel-Moewig
Die Wunderblume von Utik	Mahr Kurt	Perry Rhodan	scifi	Pabel-Moewig
Rufer aus der Ewigkeit	Brand Kurt	Perry Rhodan	scifi	Pabel-Moewig
Der Imperator und das Ungeheuer	Voltz William	Perry Rhodan	scifi	Pabel-Moewig
Duell unter der Doppelsonne	Scheer Karl-Herbert	Perry Rhodan	scifi	Pabel-Moewig
Die gestohlene Raumflotte	Darlton Clark	Perry Rhodan	scifi	Pabel-Moewig
Der Robot-Sergeant	Mahr Kurt	Perry Rhodan	scifi	Pabel-Moewig
Saat des Verderbens	Voltz William	Perry Rhodan	scifi	Pabel-Moewig
Der Planet Mechanica	Scheer Karl-Herbert	Perry Rhodan	scifi	Pabel-Moewig
Das Erbe der Echsen	Darlton Clark	Perry Rhodan	scifi	Pabel-Moewig
Der Tod des Lordadmirals	Mahr Kurt	Perry Rhodan	scifi	Pabel-Moewig
Saboteure in A-1	Brand Kurt	Perry Rhodan	scifi	Pabel-Moewig
Das Psycho-Duell	Voltz William	Perry Rhodan	scifi	Pabel-Moewig
Retter des Imperiums	Scheer Karl-Herbert	Perry Rhodan	scifi	Pabel-Moewig
Die Schatten greifen an	Darlton Clark	Perry Rhodan	scifi	Pabel-Moewig
Zwischen den Milchstraßen	Mahr Kurt	Perry Rhodan	scifi	Pabel-Moewig
Mörder aus dem Hyperraum	Voltz William	Perry Rhodan	scifi	Pabel-Moewig
Atombrand auf Mechanica	Darlton Clark	Perry Rhodan	scifi	Pabel-Moewig
Freiwillige für Frago	Brand Kurt	Perry Rhodan	scifi	Pabel-Moewig
Das Versteck in der Zukunft	Mahr Kurt	Perry Rhodan	scifi	Pabel-Moewig
Die Macht der Unheimlichen	Brand Kurt	Perry Rhodan	scifi	Pabel-Moewig
Roboter, Bomben und Mutanten	Voltz William	Perry Rhodan	scifi	Pabel-Moewig
Die Kanonen von Everblack	Scheer Karl-Herbert	Perry Rhodan	scifi	Pabel-Moewig
Wächter in der Einsamkeit	Darlton Clark	Perry Rhodan	scifi	Pabel-Moewig
Bestien der Unterwelt	Mahr Kurt	Perry Rhodan	scifi	Pabel-Moewig
Sturm auf die Galaxis	Brand Kurt	Perry Rhodan	scifi	Pabel-Moewig
Risiko unendlich groß	Brand Kurt	Perry Rhodan	scifi	Pabel-Moewig
Die Laurins kommen!	Voltz William	Perry Rhodan	scifi	Pabel-Moewig
Ein Toter soll nicht sterben	Darlton Clark	Perry Rhodan	scifi	Pabel-Moewig
Station der Unsichtbaren	Mahr Kurt	Perry Rhodan	scifi	Pabel-Moewig
Agenten der Vernichtung	Brand Kurt	Perry Rhodan	scifi	Pabel-Moewig
Für Menschen verboten	Voltz William	Perry Rhodan	scifi	Pabel-Moewig
Roboter lassen bitten ...	Scheer Karl-Herbert	Perry Rhodan	scifi	Pabel-Moewig
Armee der Gespenster	Darlton Clark	Perry Rhodan	scifi	Pabel-Moewig
Hinter der Zeitmauer	Mahr Kurt	Perry Rhodan	scifi	Pabel-Moewig
Amoklauf der Maschinen	Voltz William	Perry Rhodan	scifi	Pabel-Moewig
Sprung in den Interkosmos	Brand Kurt	Perry Rhodan	scifi	Pabel-Moewig
Kampf um die Hundertsonnenwelt	Brand Kurt	Perry Rhodan	scifi	Pabel-Moewig
Die Spezialisten der USO	Scheer Karl-Herbert	Perry Rhodan	scifi	Pabel-Moewig
Signale der Ewigkeit	Darlton Clark	Perry Rhodan	scifi	Pabel-Moewig
Größer als die Sonne	Brand Kurt	Perry Rhodan	scifi	Pabel-Moewig
Eine Handvoll Leben	Voltz William	Perry Rhodan	scifi	Pabel-Moewig
Der Gehetzte von Aralon	Voltz William	Perry Rhodan	scifi	Pabel-Moewig
Die Sklaven von Nowhere	Mahr Kurt	Perry Rhodan	scifi	Pabel-Moewig
Lemy und der Krötenwolf	Scheer Karl-Herbert	Perry Rhodan	scifi	Pabel-Moewig
Explorer in Not	Darlton Clark	Perry Rhodan	scifi	Pabel-Moewig
Die Geißel der Galaxis	Darlton Clark	Perry Rhodan	scifi	Pabel-Moewig
Gucky der Großwildjäger	Brand Kurt	Perry Rhodan	scifi	Pabel-Moewig
Der Spiegel des Grauens	Mahr Kurt	Perry Rhodan	scifi	Pabel-Moewig
Vier von der USO	Voltz William	Perry Rhodan	scifi	Pabel-Moewig
Der Pakt mit dem Tod	Voltz William	Perry Rhodan	scifi	Pabel-Moewig
Das Zweite Imperium	Darlton Clark	Perry Rhodan	scifi	Pabel-Moewig
Im Bann des Riesenplaneten	Brand Kurt	Perry Rhodan	scifi	Pabel-Moewig
Kontaktschiff Terrania	Brand Kurt	Perry Rhodan	scifi	Pabel-Moewig
Im Labyrinth von Eysal	Mahr Kurt	Perry Rhodan	scifi	Pabel-Moewig
Spione von der Erde	Mahr Kurt	Perry Rhodan	scifi	Pabel-Moewig
Die Eisfalle	Voltz William	Perry Rhodan	scifi	Pabel-Moewig
Die kleinen Männer von Siga	Scheer Karl-Herbert	Perry Rhodan	scifi	Pabel-Moewig
Im Dschungel der Sterne	Brand Kurt	Perry Rhodan	scifi	Pabel-Moewig
Kampf der vier Mächte	Darlton Clark	Perry Rhodan	scifi	Pabel-Moewig
Das Geheimnis der heiligen Insel	Mahr Kurt	Perry Rhodan	scifi	Pabel-Moewig
Unternehmen Nautilus	Scheer Karl-Herbert	Perry Rhodan	scifi	Pabel-Moewig
Die Panzerbrecher	Voltz William	Perry Rhodan	scifi	Pabel-Moewig
Wettlauf gegen die Zeit	Brand Kurt	Perry Rhodan	scifi	Pabel-Moewig
In letzter Minute	Brand Kurt	Perry Rhodan	scifi	Pabel-Moewig
Der Untergang des 2. Imperiums	Darlton Clark	Perry Rhodan	scifi	Pabel-Moewig
Die Todeskandidaten von Akon	Mahr Kurt	Perry Rhodan	scifi	Pabel-Moewig
Notlandung auf Beauly II	Scheer Karl-Herbert	Perry Rhodan	scifi	Pabel-Moewig
Der gnadenlose Gegner	Voltz William	Perry Rhodan	scifi	Pabel-Moewig
Gefangen in Zentral-City	Voltz William	Perry Rhodan	scifi	Pabel-Moewig
Drei von der galaktischen Abwehr	Mahr Kurt	Perry Rhodan	scifi	Pabel-Moewig
Die Dschungel-Armee	Voltz William	Perry Rhodan	scifi	Pabel-Moewig
Gucky und die Blaue Garde	Darlton Clark	Perry Rhodan	scifi	Pabel-Moewig
Flammen über Badun	Brand Kurt	Perry Rhodan	scifi	Pabel-Moewig
Die Hypno-Kugel	Brand Kurt	Perry Rhodan	scifi	Pabel-Moewig
Soldaten für Kahalo	Mahr Kurt	Perry Rhodan	scifi	Pabel-Moewig
Die lebenden Toten	Scheer Karl-Herbert	Perry Rhodan	scifi	Pabel-Moewig
Die Expedition der Mausbiber	Darlton Clark	Perry Rhodan	scifi	Pabel-Moewig
Admiral Gecko	Darlton Clark	Perry Rhodan	scifi	Pabel-Moewig
Tschato der Löwe	Voltz William	Perry Rhodan	scifi	Pabel-Moewig
Die Kriegslist des Akonen	Voltz William	Perry Rhodan	scifi	Pabel-Moewig
Panik im Sonnensystem	Brand Kurt	Perry Rhodan	scifi	Pabel-Moewig
Die heimliche Invasion	Mahr Kurt	Perry Rhodan	scifi	Pabel-Moewig
Der Sturz des Sterndiktators	Mahr Kurt	Perry Rhodan	scifi	Pabel-Moewig
Planet der letzten Hoffnung	Scheer Karl-Herbert	Perry Rhodan	scifi	Pabel-Moewig
Höllentanz der Riesen	Voltz William	Perry Rhodan	scifi	Pabel-Moewig
Die letzte Bastion	Ewers Horst Gehrmann	Perry Rhodan	scifi	Pabel-Moewig
Arkons Ende	Brand Kurt	Perry Rhodan	scifi	Pabel-Moewig
Die Straße nach Andromeda	Scheer Karl-Herbert	Perry Rhodan	scifi	Pabel-Moewig
Sternstation im Nichts	Mahr Kurt	Perry Rhodan	scifi	Pabel-Moewig
Die Retter der Crest	Darlton Clark	Perry Rhodan	scifi	Pabel-Moewig
Die Stadt der Verfemten	Voltz William	Perry Rhodan	scifi	Pabel-Moewig
Das Drung	Brand Kurt	Perry Rhodan	scifi	Pabel-Moewig
Der Wächter von Andromeda	Ewers Horst Gehrmann	Perry Rhodan	scifi	Pabel-Moewig
Die Schrecken der Hohlwelt	Mahr Kurt	Perry Rhodan	scifi	Pabel-Moewig
Die 73. Eiszeit	Voltz William	Perry Rhodan	scifi	Pabel-Moewig
Die blauen Herrscher	Brand Kurt	Perry Rhodan	scifi	Pabel-Moewig
Im Banne der Scheintöter	Darlton Clark	Perry Rhodan	scifi	Pabel-Moewig
Auf den Spuren der Crest	Ewers Horst Gehrmann	Perry Rhodan	scifi	Pabel-Moewig
Geheimwaffe Horror	Scheer Karl-Herbert	Perry Rhodan	scifi	Pabel-Moewig
Die Mikro-Festung	Voltz William	Perry Rhodan	scifi	Pabel-Moewig
Giganten am Südpol	Ewers Horst Gehrmann	Perry Rhodan	scifi	Pabel-Moewig
Der Kampf um die Pyramiden	Mahr Kurt	Perry Rhodan	scifi	Pabel-Moewig
Endstation des Grauens	Ewers Horst Gehrmann	Perry Rhodan	scifi	Pabel-Moewig
Aufbruch der Oldtimer	Voltz William	Perry Rhodan	scifi	Pabel-Moewig
Gefahr aus der Vergangenheit	Scheer Karl-Herbert	Perry Rhodan	scifi	Pabel-Moewig
Brennpunkt Twin	Ewers Horst Gehrmann	Perry Rhodan	scifi	Pabel-Moewig
Teleporter Achtung!	Mahr Kurt	Perry Rhodan	scifi	Pabel-Moewig
Der Tod von den Sternen	Darlton Clark	Perry Rhodan	scifi	Pabel-Moewig
Verschleppt nach Andro-Alpha	Voltz William	Perry Rhodan	scifi	Pabel-Moewig
Die Doppelgänger von Andromeda	Scheer Karl-Herbert	Perry Rhodan	scifi	Pabel-Moewig
Die fünfte Kolonne	Ewers Horst Gehrmann	Perry Rhodan	scifi	Pabel-Moewig
Agenten gegen das Imperium	Darlton Clark	Perry Rhodan	scifi	Pabel-Moewig
Rendezvous im Weltall	Mahr Kurt	Perry Rhodan	scifi	Pabel-Moewig
Die Parasprinter	Scheer Karl-Herbert	Perry Rhodan	scifi	Pabel-Moewig
Der Duplo und sein Schatten	Voltz William	Perry Rhodan	scifi	Pabel-Moewig
Die Rache des Mutanten	Voltz William	Perry Rhodan	scifi	Pabel-Moewig
Feind aus fremder Galaxis	Darlton Clark	Perry Rhodan	scifi	Pabel-Moewig
Finale für Twin	Ewers Horst Gehrmann	Perry Rhodan	scifi	Pabel-Moewig
Das System der Verlorenen	Mahr Kurt	Perry Rhodan	scifi	Pabel-Moewig
Die Zeitfalle	Darlton Clark	Perry Rhodan	scifi	Pabel-Moewig
Geheimsatellit Troja	Scheer Karl-Herbert	Perry Rhodan	scifi	Pabel-Moewig
Wachkommando Andro-Beta	Ewers Horst Gehrmann	Perry Rhodan	scifi	Pabel-Moewig
Die Kaste der Weißrüssel	Voltz William	Perry Rhodan	scifi	Pabel-Moewig
Im Camp der Gesetzlosen	Voltz William	Perry Rhodan	scifi	Pabel-Moewig
Die drei Sternenbrüder	Mahr Kurt	Perry Rhodan	scifi	Pabel-Moewig
Der Geleitzug ins Ungewisse	Scheer Karl-Herbert	Perry Rhodan	scifi	Pabel-Moewig
Welt unter heißer Strahlung	Darlton Clark	Perry Rhodan	scifi	Pabel-Moewig
An der Schwelle der Hölle	Ewers Horst Gehrmann	Perry Rhodan	scifi	Pabel-Moewig
Fünf von der Crest	Voltz William	Perry Rhodan	scifi	Pabel-Moewig
Das Rätsel des Sumpfplaneten	Voltz William	Perry Rhodan	scifi	Pabel-Moewig
Raumaufklärer 008	Mahr Kurt	Perry Rhodan	scifi	Pabel-Moewig
Die Kugel aus Zeit und Raum	Darlton Clark	Perry Rhodan	scifi	Pabel-Moewig
Notrufe aus dem Nichts	Scheer Karl-Herbert	Perry Rhodan	scifi	Pabel-Moewig
Kontrollstation Modul	Ewers Horst Gehrmann	Perry Rhodan	scifi	Pabel-Moewig
Der Herr der Androiden	Ewers Horst Gehrmann	Perry Rhodan	scifi	Pabel-Moewig
Unter Einsatz seines Lebens	Darlton Clark	Perry Rhodan	scifi	Pabel-Moewig
Der Geist der Maschine	Mahr Kurt	Perry Rhodan	scifi	Pabel-Moewig
Jubiläumsband mit dem großen 10 000-Mark-Preisausschreiben	Scheer Karl-Herbert	Perry Rhodan	scifi	Pabel-Moewig
Die Armee der Biospalter	Voltz William	Perry Rhodan	scifi	Pabel-Moewig
Die Welt der Regenerierten	Voltz William	Perry Rhodan	scifi	Pabel-Moewig
Vorstoß in die Dunkelwelt	Ewers Horst Gehrmann	Perry Rhodan	scifi	Pabel-Moewig
Die Geistersonne	Ewers Horst Gehrmann	Perry Rhodan	scifi	Pabel-Moewig
Sperrzone in Andromeda	Darlton Clark	Perry Rhodan	scifi	Pabel-Moewig
Im Reiche der Zentrumswächter	Darlton Clark	Perry Rhodan	scifi	Pabel-Moewig
Der Dreitöter	Voltz William	Perry Rhodan	scifi	Pabel-Moewig
Die Micro-Henker	Ewers Horst Gehrmann	Perry Rhodan	scifi	Pabel-Moewig
Der unheimliche Roboter	Ewers Horst Gehrmann	Perry Rhodan	scifi	Pabel-Moewig
Gespenster der Vergangenheit	Mahr Kurt	Perry Rhodan	scifi	Pabel-Moewig
Die Fabrik des Teufels	Mahr Kurt	Perry Rhodan	scifi	Pabel-Moewig
Der Meisterplan	Voltz William	Perry Rhodan	scifi	Pabel-Moewig
Sieben Stunden Angst	Voltz William	Perry Rhodan	scifi	Pabel-Moewig
Die Invasion der Toten	Scheer Karl-Herbert	Perry Rhodan	scifi	Pabel-Moewig
Das Zeitauge	Ewers Horst Gehrmann	Perry Rhodan	scifi	Pabel-Moewig
Die Tempel von Darak	Ewers Horst Gehrmann	Perry Rhodan	scifi	Pabel-Moewig
Rückkehr in die Gegenwart	Mahr Kurt	Perry Rhodan	scifi	Pabel-Moewig
Stoßtrupp in Zeit und Raum	Darlton Clark	Perry Rhodan	scifi	Pabel-Moewig
Jagd auf den Zeitagenten	Darlton Clark	Perry Rhodan	scifi	Pabel-Moewig
Ultimatum an Unbekannt	Scheer Karl-Herbert	Perry Rhodan	scifi	Pabel-Moewig
Die Welt der Körperlosen	Ewers Horst Gehrmann	Perry Rhodan	scifi	Pabel-Moewig
Flaggschiff in Not	Ewers Horst Gehrmann	Perry Rhodan	scifi	Pabel-Moewig
Unter den Gletschern von Nevada	Voltz William	Perry Rhodan	scifi	Pabel-Moewig
Zwischen Feuer und Eis	Voltz William	Perry Rhodan	scifi	Pabel-Moewig
Der Flug nach Barkon	Darlton Clark	Perry Rhodan	scifi	Pabel-Moewig
Irrweg durch die Zeit	Mahr Kurt	Perry Rhodan	scifi	Pabel-Moewig
Befehle aus der 5.Dimension	Scheer Karl-Herbert	Perry Rhodan	scifi	Pabel-Moewig
In geheimer Mission auf Lemuria	Voltz William	Perry Rhodan	scifi	Pabel-Moewig
Die Bezwinger der Zeit	Voltz William	Perry Rhodan	scifi	Pabel-Moewig
Die Weltraumdetektive greifen ein	Ewers Horst Gehrmann	Perry Rhodan	scifi	Pabel-Moewig
Kampf in der Tiefsee	Ewers Horst Gehrmann	Perry Rhodan	scifi	Pabel-Moewig
Die Spur führt zu Jagos Stern	Darlton Clark	Perry Rhodan	scifi	Pabel-Moewig
Flucht vom Giftplaneten	Mahr Kurt	Perry Rhodan	scifi	Pabel-Moewig
Anschlag gegen die Erde	Voltz William	Perry Rhodan	scifi	Pabel-Moewig
Die dritte Waffe	Voltz William	Perry Rhodan	scifi	Pabel-Moewig
Jagd auf die Teleporterkugel	Ewers Horst Gehrmann	Perry Rhodan	scifi	Pabel-Moewig
Die Halle der Unbesiegbaren	Ewers Horst Gehrmann	Perry Rhodan	scifi	Pabel-Moewig
Das Sonneninferno	Scheer Karl-Herbert	Perry Rhodan	scifi	Pabel-Moewig
Das System der blauen Riesen	Darlton Clark	Perry Rhodan	scifi	Pabel-Moewig
Koordinaten ins Jenseits	Darlton Clark	Perry Rhodan	scifi	Pabel-Moewig
Brücke zwischen den Sternen	Mahr Kurt	Perry Rhodan	scifi	Pabel-Moewig
Der Bahnhof im Weltraum	Voltz William	Perry Rhodan	scifi	Pabel-Moewig
Unternehmen Central-Station	Voltz William	Perry Rhodan	scifi	Pabel-Moewig
Die Eroberer	Darlton Clark	Perry Rhodan	scifi	Pabel-Moewig
Der verlorene Planet	Darlton Clark	Perry Rhodan	scifi	Pabel-Moewig
Die Herrin der Sterne	Mahr Kurt	Perry Rhodan	scifi	Pabel-Moewig
Superfestung Tamanium	Ewers Horst Gehrmann	Perry Rhodan	scifi	Pabel-Moewig
Amoklauf der Schläfer	Ewers Horst Gehrmann	Perry Rhodan	scifi	Pabel-Moewig
Am Ende der Macht	Voltz William	Perry Rhodan	scifi	Pabel-Moewig
Alarm im Sektor Morgenrot	Scheer Karl-Herbert	Perry Rhodan	scifi	Pabel-Moewig
Die Plattform des Schreckens	Voltz William	Perry Rhodan	scifi	Pabel-Moewig
Gestatten Gucky und Sohn	Darlton Clark	Perry Rhodan	scifi	Pabel-Moewig
Im Labyrinth des Todes	Ewers Horst Gehrmann	Perry Rhodan	scifi	Pabel-Moewig
Überfall auf Old Man	Ewers Horst Gehrmann	Perry Rhodan	scifi	Pabel-Moewig
Die Stunde der Hypno-Kristalle	Mahr Kurt	Perry Rhodan	scifi	Pabel-Moewig
Keine Rettung für Schlachtschiff Omaso	Shepherd Conrad	Perry Rhodan	scifi	Pabel-Moewig
Die Macht der Gläsernen	Scheer Karl-Herbert	Perry Rhodan	scifi	Pabel-Moewig
Grüner Mond über Jelly-City	Voltz William	Perry Rhodan	scifi	Pabel-Moewig
Die Sklavenwelt von Magellan	Ewers Horst Gehrmann	Perry Rhodan	scifi	Pabel-Moewig
Das Geschenk der Zeitreisenden	Darlton Clark	Perry Rhodan	scifi	Pabel-Moewig
Tödliche Fracht nach Danger I	Mahr Kurt	Perry Rhodan	scifi	Pabel-Moewig
Das Geheimnis der Regenwelt	Voltz William	Perry Rhodan	scifi	Pabel-Moewig
Im Lager der Löwenmenschen	Voltz William	Perry Rhodan	scifi	Pabel-Moewig
Chaos über Modula	Ewers Horst Gehrmann	Perry Rhodan	scifi	Pabel-Moewig
Kreuzfahrt durch Magellan	Ewers Horst Gehrmann	Perry Rhodan	scifi	Pabel-Moewig
Der Sprung ins Verderben	Darlton Clark	Perry Rhodan	scifi	Pabel-Moewig
Terror auf dem Kristallplaneten	Mahr Kurt	Perry Rhodan	scifi	Pabel-Moewig
Die Zentrale der Freischärler	Shepherd Conrad	Perry Rhodan	scifi	Pabel-Moewig
Der Phantomsender	Shepherd Conrad	Perry Rhodan	scifi	Pabel-Moewig
Operation Blitz	Darlton Clark	Perry Rhodan	scifi	Pabel-Moewig
Zwischenfall im Tiger-Sektor	Ewers Horst Gehrmann	Perry Rhodan	scifi	Pabel-Moewig
Ein Gigant erwacht	Voltz William	Perry Rhodan	scifi	Pabel-Moewig
Die Zeitpolizei	Voltz William	Perry Rhodan	scifi	Pabel-Moewig
Im Nichts gestrandet	Darlton Clark	Perry Rhodan	scifi	Pabel-Moewig
Das Zeitexperiment der Verbannten	Mahr Kurt	Perry Rhodan	scifi	Pabel-Moewig
Gucky und der Golem	Darlton Clark	Perry Rhodan	scifi	Pabel-Moewig
Die vier Unheimlichen	Scheer Karl-Herbert	Perry Rhodan	scifi	Pabel-Moewig
Die Flotte der gläsernen Särge	Voltz William	Perry Rhodan	scifi	Pabel-Moewig
Ein Planet läuft Amok	Ewers Horst Gehrmann	Perry Rhodan	scifi	Pabel-Moewig
Ein Mann wie Rhodan	Voltz William	Perry Rhodan	scifi	Pabel-Moewig
Aufstand der Menschheit	Voltz William	Perry Rhodan	scifi	Pabel-Moewig
Kampf um den Neptunmond	Ewers Horst Gehrmann	Perry Rhodan	scifi	Pabel-Moewig
Das Meer der Träume	Mahr Kurt	Perry Rhodan	scifi	Pabel-Moewig
Im Arsenal der Giganten	Voltz William	Perry Rhodan	scifi	Pabel-Moewig
Drei gegen Old Man	Ewers Horst Gehrmann	Perry Rhodan	scifi	Pabel-Moewig
Gucky und der Vakupath	Darlton Clark	Perry Rhodan	scifi	Pabel-Moewig
Kontakte mit Unbekannt	Voltz William	Perry Rhodan	scifi	Pabel-Moewig
Die stählerne Zitadelle	Voltz William	Perry Rhodan	scifi	Pabel-Moewig
Die Kammer der tausend Schrecken	Ewers Horst Gehrmann	Perry Rhodan	scifi	Pabel-Moewig
Kreuzwege im Kosmos	Ewers Horst Gehrmann	Perry Rhodan	scifi	Pabel-Moewig
Der planetarische Kerker	Darlton Clark	Perry Rhodan	scifi	Pabel-Moewig
Die Bestien sollen sterben	Mahr Kurt	Perry Rhodan	scifi	Pabel-Moewig
Planet der tausend Freuden	Voltz William	Perry Rhodan	scifi	Pabel-Moewig
Die Kidnapper des Auserwählten	Darlton Clark	Perry Rhodan	scifi	Pabel-Moewig
Verfolgungsjagd im Halbraum	Ewers Horst Gehrmann	Perry Rhodan	scifi	Pabel-Moewig
Warnung aus dem Jenseits	Ewers Horst Gehrmann	Perry Rhodan	scifi	Pabel-Moewig
Die Sucher von M-87	Voltz William	Perry Rhodan	scifi	Pabel-Moewig
Die kosmische Falle	Darlton Clark	Perry Rhodan	scifi	Pabel-Moewig
Die Partisanen von der CREST	Mahr Kurt	Perry Rhodan	scifi	Pabel-Moewig
Robot-Patrouille	Scheer Karl-Herbert	Perry Rhodan	scifi	Pabel-Moewig
Der versklavte Riese	Voltz William	Perry Rhodan	scifi	Pabel-Moewig
Der Planet des tödlichen Schweigens	Kneifel Hans	Perry Rhodan	scifi	Pabel-Moewig
Brutstation im Pararaum	Ewers Horst Gehrmann	Perry Rhodan	scifi	Pabel-Moewig
Experimente mit der Zeit	Darlton Clark	Perry Rhodan	scifi	Pabel-Moewig
Der Doppelagent von Rumal	Voltz William	Perry Rhodan	scifi	Pabel-Moewig
Ein Zeitpolizist desertiert	Voltz William	Perry Rhodan	scifi	Pabel-Moewig
Die Arenakämpfer	Ewers Horst Gehrmann	Perry Rhodan	scifi	Pabel-Moewig
Begegnung in M-87	Darlton Clark	Perry Rhodan	scifi	Pabel-Moewig
Die Korvette der Todeskandidaten	Mahr Kurt	Perry Rhodan	scifi	Pabel-Moewig
Im Reich der Teleporter	Kneifel Hans	Perry Rhodan	scifi	Pabel-Moewig
Der Turm des ewigen Lebens	Darlton Clark	Perry Rhodan	scifi	Pabel-Moewig
Der Irre und der Tote	Voltz William	Perry Rhodan	scifi	Pabel-Moewig
Nacht zwischen den Sonnen	Ewers Horst Gehrmann	Perry Rhodan	scifi	Pabel-Moewig
Die grüne Bestie	Ewers Horst Gehrmann	Perry Rhodan	scifi	Pabel-Moewig
Das strahlende Netz	Kneifel Hans	Perry Rhodan	scifi	Pabel-Moewig
Das Rätsel der Biostation	Darlton Clark	Perry Rhodan	scifi	Pabel-Moewig
Im Zentrum der Riesensonne	Scheer Karl-Herbert	Perry Rhodan	scifi	Pabel-Moewig
Von Galaxis zu Galaxis	Mahr Kurt	Perry Rhodan	scifi	Pabel-Moewig
Auf Dolan-Jagd	Kneifel Hans	Perry Rhodan	scifi	Pabel-Moewig
Verrat auf Oldman	Voltz William	Perry Rhodan	scifi	Pabel-Moewig
Attentat auf die Sonne	Darlton Clark	Perry Rhodan	scifi	Pabel-Moewig
Expedition zur verbotenen Welt	Kneifel Hans	Perry Rhodan	scifi	Pabel-Moewig
In der Todeszone	Kneifel Hans	Perry Rhodan	scifi	Pabel-Moewig
Die Macht des Sepulveda	Ewers Horst Gehrmann	Perry Rhodan	scifi	Pabel-Moewig
Verschwörung in Andromeda	Ewers Horst Gehrmann	Perry Rhodan	scifi	Pabel-Moewig
Stimmen aus der Vergangenheit	Darlton Clark	Perry Rhodan	scifi	Pabel-Moewig
Die Wüste der strahlenden Steine	Voltz William	Perry Rhodan	scifi	Pabel-Moewig
Planet der Ungeheuer	Voltz William	Perry Rhodan	scifi	Pabel-Moewig
Das Tor zur Hölle	Mahr Kurt	Perry Rhodan	scifi	Pabel-Moewig
Das Zeitkommando	Darlton Clark	Perry Rhodan	scifi	Pabel-Moewig
Unternehmen Südsee	Kneifel Hans	Perry Rhodan	scifi	Pabel-Moewig
Planet der Ruinen	Voltz William	Perry Rhodan	scifi	Pabel-Moewig
Die phantastische Reise der FD-4	Darlton Clark	Perry Rhodan	scifi	Pabel-Moewig
Die Welt der Unsichtbaren	Ewers Horst Gehrmann	Perry Rhodan	scifi	Pabel-Moewig
Die Letzten von der Francis Drake	Kneifel Hans	Perry Rhodan	scifi	Pabel-Moewig
Hilfe von Sol	Voltz William	Perry Rhodan	scifi	Pabel-Moewig
Spur zwischen den Sternen	Ewers Horst Gehrmann	Perry Rhodan	scifi	Pabel-Moewig
Götter aus dem Kosmos	Darlton Clark	Perry Rhodan	scifi	Pabel-Moewig
Mond der Rebellen	Kneifel Hans	Perry Rhodan	scifi	Pabel-Moewig
Die CREST im Strahlensturm	Ewers Horst Gehrmann	Perry Rhodan	scifi	Pabel-Moewig
Tödliche Ernte	Ewers Horst Gehrmann	Perry Rhodan	scifi	Pabel-Moewig
Das Schiff der grünen Geister	Darlton Clark	Perry Rhodan	scifi	Pabel-Moewig
Die Schwelle zum Nichts	Kneifel Hans	Perry Rhodan	scifi	Pabel-Moewig
Die Bestie erwacht	Voltz William	Perry Rhodan	scifi	Pabel-Moewig
Die Hyperseuche	Mahr Kurt	Perry Rhodan	scifi	Pabel-Moewig
Das Versteck in der Zukunft	Darlton Clark	Perry Rhodan	scifi	Pabel-Moewig
Das System der 13 Monde	Voltz William	Perry Rhodan	scifi	Pabel-Moewig
Das Ende der Dolans	Kneifel Hans	Perry Rhodan	scifi	Pabel-Moewig
Alarm für die Galaxis	Ewers Horst Gehrmann	Perry Rhodan	scifi	Pabel-Moewig
Menschheit im Zwielicht	Scheer Karl-Herbert	Perry Rhodan	scifi	Pabel-Moewig
Aufbruch ins All	Voltz William	Perry Rhodan	scifi	Pabel-Moewig
UFOs in der Galaxis	Darlton Clark	Perry Rhodan	scifi	Pabel-Moewig
Die Straße der Container	Ewers Horst Gehrmann	Perry Rhodan	scifi	Pabel-Moewig
Die Piraten-Lady	Voltz William	Perry Rhodan	scifi	Pabel-Moewig
Die Marionetten von Astera	Kneifel Hans	Perry Rhodan	scifi	Pabel-Moewig
Nachricht aus der Zukunft	Darlton Clark	Perry Rhodan	scifi	Pabel-Moewig
Das neue Element	Ewers Horst Gehrmann	Perry Rhodan	scifi	Pabel-Moewig
Amoklauf der Mutanten	Voltz William	Perry Rhodan	scifi	Pabel-Moewig
Der Mann, der doppelt starb	Darlton Clark	Perry Rhodan	scifi	Pabel-Moewig
Das Geheimnis von Olymp	Kneifel Hans	Perry Rhodan	scifi	Pabel-Moewig
Brennpunkt Mimas	Kneifel Hans	Perry Rhodan	scifi	Pabel-Moewig
Gefahr von Sol	Ewers Horst Gehrmann	Perry Rhodan	scifi	Pabel-Moewig
Die Sonnenforscher	Ewers Horst Gehrmann	Perry Rhodan	scifi	Pabel-Moewig
Der Weltraum-Zirkus	Voltz William	Perry Rhodan	scifi	Pabel-Moewig
Freunde aus einem fremden Universum	Darlton Clark	Perry Rhodan	scifi	Pabel-Moewig
Der Supermutant	Ewers Horst Gehrmann	Perry Rhodan	scifi	Pabel-Moewig
Attentat auf die Intersolar	Voltz William	Perry Rhodan	scifi	Pabel-Moewig
Kurier der Galaxis	Kneifel Hans	Perry Rhodan	scifi	Pabel-Moewig
Konferenz der Verräter	Voltz William	Perry Rhodan	scifi	Pabel-Moewig
Die Rätsel der Vergangenheit	Darlton Clark	Perry Rhodan	scifi	Pabel-Moewig
Report eines Neandertalers	Ewers Horst Gehrmann	Perry Rhodan	scifi	Pabel-Moewig
Die Zeitpendler	Kneifel Hans	Perry Rhodan	scifi	Pabel-Moewig
Sonderkommando Atlan	Darlton Clark	Perry Rhodan	scifi	Pabel-Moewig
Im Zeitstrom verschollen	Voltz William	Perry Rhodan	scifi	Pabel-Moewig
Die Attacke der Zentauren	Kneifel Hans	Perry Rhodan	scifi	Pabel-Moewig
Das Ding auf dem Mond	Ewers Horst Gehrmann	Perry Rhodan	scifi	Pabel-Moewig
Am See der Götter	Darlton Clark	Perry Rhodan	scifi	Pabel-Moewig
Die Stunde der Thunderbolts	Voltz William	Perry Rhodan	scifi	Pabel-Moewig
Das Land der blauen Türme	Kneifel Hans	Perry Rhodan	scifi	Pabel-Moewig
Das Ultimatum der Cappins	Darlton Clark	Perry Rhodan	scifi	Pabel-Moewig
Energie aus dem Jenseits	Ewers Horst Gehrmann	Perry Rhodan	scifi	Pabel-Moewig
Die Welt der Mutanten	Voltz William	Perry Rhodan	scifi	Pabel-Moewig
Die Stadt der tausend Fallen	Voltz William	Perry Rhodan	scifi	Pabel-Moewig
Das Erbe des Ertrusers	Ewers Horst Gehrmann	Perry Rhodan	scifi	Pabel-Moewig
Das Drei-Planeten-Spiel	Kneifel Hans	Perry Rhodan	scifi	Pabel-Moewig
Testflug nach Atlantis	Darlton Clark	Perry Rhodan	scifi	Pabel-Moewig
Schirmherr der Zeit	Ewers Horst Gehrmann	Perry Rhodan	scifi	Pabel-Moewig
Im Jahr der Cappins	Voltz William	Perry Rhodan	scifi	Pabel-Moewig
Schaltzentrale OVARON	Darlton Clark	Perry Rhodan	scifi	Pabel-Moewig
Der Ring des Verderbens	Kneifel Hans	Perry Rhodan	scifi	Pabel-Moewig
Zwischen Mars und Jupiter	Ewers Horst Gehrmann	Perry Rhodan	scifi	Pabel-Moewig
Die Bestien von Zeut	Voltz William	Perry Rhodan	scifi	Pabel-Moewig
Überfall auf Exilot	Darlton Clark	Perry Rhodan	scifi	Pabel-Moewig
Welten in Angst	Kneifel Hans	Perry Rhodan	scifi	Pabel-Moewig
Das Kommandogehirn	Ewers Horst Gehrmann	Perry Rhodan	scifi	Pabel-Moewig
Die Zeitbrüder	Ewers Horst Gehrmann	Perry Rhodan	scifi	Pabel-Moewig
Der Terraner und der Gläserne	Voltz William	Perry Rhodan	scifi	Pabel-Moewig
Der alte Admiral	Kneifel Hans	Perry Rhodan	scifi	Pabel-Moewig
Das Ende des Diktators	Darlton Clark	Perry Rhodan	scifi	Pabel-Moewig
Aufbruch der MARCO POLO	Scheer Karl-Herbert	Perry Rhodan	scifi	Pabel-Moewig
Die falschen Götter	Ewers Horst Gehrmann	Perry Rhodan	scifi	Pabel-Moewig
Planet der Pazifisten	Voltz William	Perry Rhodan	scifi	Pabel-Moewig
Vorsicht – radioaktiv!	Kneifel Hans	Perry Rhodan	scifi	Pabel-Moewig
Plünderer der Sterne	Darlton Clark	Perry Rhodan	scifi	Pabel-Moewig
Auf der Arenawelt	Voltz William	Perry Rhodan	scifi	Pabel-Moewig
Der Schaukampf	Voltz William	Perry Rhodan	scifi	Pabel-Moewig
Die Operationsbasis	Ewers Horst Gehrmann	Perry Rhodan	scifi	Pabel-Moewig
Im Arsenal der Androiden	Ewers Horst Gehrmann	Perry Rhodan	scifi	Pabel-Moewig
Der Archivplanet	Kneifel Hans	Perry Rhodan	scifi	Pabel-Moewig
Zeitpunkt X	Kneifel Hans	Perry Rhodan	scifi	Pabel-Moewig
Flucht ins Ungewisse	Darlton Clark	Perry Rhodan	scifi	Pabel-Moewig
Der Wissende	Darlton Clark	Perry Rhodan	scifi	Pabel-Moewig
Die Spione von Siga	Voltz William	Perry Rhodan	scifi	Pabel-Moewig
Der falsche Ganjo	Voltz William	Perry Rhodan	scifi	Pabel-Moewig
Ein Steckbrief für die MARCO POLO	Kneifel Hans	Perry Rhodan	scifi	Pabel-Moewig
Die Stadt und das Raumschiff	Kneifel Hans	Perry Rhodan	scifi	Pabel-Moewig
Der letzte Mann der DOLDA	Darlton Clark	Perry Rhodan	scifi	Pabel-Moewig
Der Telekinet	Darlton Clark	Perry Rhodan	scifi	Pabel-Moewig
Der Tod fliegt mit	Ewers Horst Gehrmann	Perry Rhodan	scifi	Pabel-Moewig
Testfall MARCO POLO	Ewers Horst Gehrmann	Perry Rhodan	scifi	Pabel-Moewig
Der letzte Test	Voltz William	Perry Rhodan	scifi	Pabel-Moewig
Das violette Feuer	Darlton Clark	Perry Rhodan	scifi	Pabel-Moewig
Die verrückten Roboter	Ewers Horst Gehrmann	Perry Rhodan	scifi	Pabel-Moewig
Das Duell der Mächtigen	Kneifel Hans	Perry Rhodan	scifi	Pabel-Moewig
Der große Vasall	Voltz William	Perry Rhodan	scifi	Pabel-Moewig
Der Schrecken von Takera	Kneifel Hans	Perry Rhodan	scifi	Pabel-Moewig
Invasion der Schatten	Ewers Horst Gehrmann	Perry Rhodan	scifi	Pabel-Moewig
Die Schlacht um Olymp	Ewers Horst Gehrmann	Perry Rhodan	scifi	Pabel-Moewig
Ganjo-Alarm	Darlton Clark	Perry Rhodan	scifi	Pabel-Moewig
Der Dieb von Gruelfin	Voltz William	Perry Rhodan	scifi	Pabel-Moewig
Die Clique der Verräter	Voltz William	Perry Rhodan	scifi	Pabel-Moewig
Die Feinde des Ganjos	Kneifel Hans	Perry Rhodan	scifi	Pabel-Moewig
Im Zeichen des Ganjos	Ewers Horst Gehrmann	Perry Rhodan	scifi	Pabel-Moewig
Das Ende der ODIKON	Voltz William	Perry Rhodan	scifi	Pabel-Moewig
Die Mutanten von Erysgan	Ewers Horst Gehrmann	Perry Rhodan	scifi	Pabel-Moewig
Zwischen Weltraum und Untergrund	Voltz William	Perry Rhodan	scifi	Pabel-Moewig
Ich, der Ganjo	Voltz William	Perry Rhodan	scifi	Pabel-Moewig
Plan der Vernichtung	Darlton Clark	Perry Rhodan	scifi	Pabel-Moewig
Gucky und der Verräter	Darlton Clark	Perry Rhodan	scifi	Pabel-Moewig
System der tausend Fallen	Ewers Horst Gehrmann	Perry Rhodan	scifi	Pabel-Moewig
Transmitter nach Takera	Ewers Horst Gehrmann	Perry Rhodan	scifi	Pabel-Moewig
Das stählerne Gefängnis	Voltz William	Perry Rhodan	scifi	Pabel-Moewig
Panik auf Titan	Kneifel Hans	Perry Rhodan	scifi	Pabel-Moewig
Mond der Gefahren	Darlton Clark	Perry Rhodan	scifi	Pabel-Moewig
Der Botschafter von Sol	Kneifel Hans	Perry Rhodan	scifi	Pabel-Moewig
Die Flotte der Clans	Voltz William	Perry Rhodan	scifi	Pabel-Moewig
Die Armee der Kriegsdiener	Ewers Horst Gehrmann	Perry Rhodan	scifi	Pabel-Moewig
Die Rückkehr des Takerers	Darlton Clark	Perry Rhodan	scifi	Pabel-Moewig
Entscheidung in der Plutobahn	Kneifel Hans	Perry Rhodan	scifi	Pabel-Moewig
Sie kamen aus dem Nichts	Scheer Karl-Herbert	Perry Rhodan	scifi	Pabel-Moewig
In der Betonwüste	Voltz William	Perry Rhodan	scifi	Pabel-Moewig
Der Ritter mit dem Flammenschwert	Ewers Horst Gehrmann	Perry Rhodan	scifi	Pabel-Moewig
Planet der Digger	Darlton Clark	Perry Rhodan	scifi	Pabel-Moewig
Das Raumschiff des gelben Götzen	Kneifel Hans	Perry Rhodan	scifi	Pabel-Moewig
Im Schwarm gefangen	Voltz William	Perry Rhodan	scifi	Pabel-Moewig
Die Göttin der Symbionten	Ewers Horst Gehrmann	Perry Rhodan	scifi	Pabel-Moewig
Zwischenspiel auf Tahun	Darlton Clark	Perry Rhodan	scifi	Pabel-Moewig
Treffpunkt zwischen den Sternen	Kneifel Hans	Perry Rhodan	scifi	Pabel-Moewig
Die Banditen von Terrania	Vlcek Ernst	Perry Rhodan	scifi	Pabel-Moewig
Die Ausgestoßenen	Voltz William	Perry Rhodan	scifi	Pabel-Moewig
Das Volk der Sklaven	Kneifel Hans	Perry Rhodan	scifi	Pabel-Moewig
Der Flug der GATOS BAY	Darlton Clark	Perry Rhodan	scifi	Pabel-Moewig
Ein Platz für Verdammte	Vlcek Ernst	Perry Rhodan	scifi	Pabel-Moewig
Der Weltraumkurier	Ewers Horst Gehrmann	Perry Rhodan	scifi	Pabel-Moewig
Die Wächter der Einsamkeit	Voltz William	Perry Rhodan	scifi	Pabel-Moewig
Sandal, der Rächer	Kneifel Hans	Perry Rhodan	scifi	Pabel-Moewig
Notruf des Unsterblichen	Darlton Clark	Perry Rhodan	scifi	Pabel-Moewig
Sturmlauf in den Tod	Francis Hans Gerhard	Perry Rhodan	scifi	Pabel-Moewig
Das Heimliche Imperium	Voltz William	Perry Rhodan	scifi	Pabel-Moewig
Unter Parazwang	Ewers Horst Gehrmann	Perry Rhodan	scifi	Pabel-Moewig
Kampf um die Sonnenstadt	Vlcek Ernst	Perry Rhodan	scifi	Pabel-Moewig
Die Spur des Rächers	Kneifel Hans	Perry Rhodan	scifi	Pabel-Moewig
Die Planetenräuber	Darlton Clark	Perry Rhodan	scifi	Pabel-Moewig
Die Gelben Eroberer	Darlton Clark	Perry Rhodan	scifi	Pabel-Moewig
Das große Sterben	Voltz William	Perry Rhodan	scifi	Pabel-Moewig
Söldner der Galaxis	Ewers Horst Gehrmann	Perry Rhodan	scifi	Pabel-Moewig
Die Insel der Glücklichen	Kneifel Hans	Perry Rhodan	scifi	Pabel-Moewig
Die Diener des gelben Götzen	Kneifel Hans	Perry Rhodan	scifi	Pabel-Moewig
Die letzten Tage der Amazonen	Vlcek Ernst	Perry Rhodan	scifi	Pabel-Moewig
Die Sternenflut	Francis Hans Gerhard	Perry Rhodan	scifi	Pabel-Moewig
Die Macht der Sieben	Ewers Horst Gehrmann	Perry Rhodan	scifi	Pabel-Moewig
Die Alte von USTRAC	Mahr Kurt	Perry Rhodan	scifi	Pabel-Moewig
Der Durchbruch	Voltz William	Perry Rhodan	scifi	Pabel-Moewig
Der Schwarze Dämon	Voltz William	Perry Rhodan	scifi	Pabel-Moewig
Transport ins Ungewisse	Darlton Clark	Perry Rhodan	scifi	Pabel-Moewig
Götzendämmerung	Vlcek Ernst	Perry Rhodan	scifi	Pabel-Moewig
An Bord der MARCO POLO	Kneifel Hans	Perry Rhodan	scifi	Pabel-Moewig
Die Panikmacher	Francis Hans Gerhard	Perry Rhodan	scifi	Pabel-Moewig
Das Experiment der Cynos	Ewers Horst Gehrmann	Perry Rhodan	scifi	Pabel-Moewig
Die Attacke der Cynos	Voltz William	Perry Rhodan	scifi	Pabel-Moewig
Im Banne des Panikfeldes	Darlton Clark	Perry Rhodan	scifi	Pabel-Moewig
Die Stunde des Zentauren	Ewers Horst Gehrmann	Perry Rhodan	scifi	Pabel-Moewig
Das letzte Aufgebot der MARCO POLO	Vlcek Ernst	Perry Rhodan	scifi	Pabel-Moewig
Die Späher der GEVARI	Kneifel Hans	Perry Rhodan	scifi	Pabel-Moewig
Der Maskenträger	Voltz William	Perry Rhodan	scifi	Pabel-Moewig
Menschen unter Cynos	Ewers Horst Gehrmann	Perry Rhodan	scifi	Pabel-Moewig
Die Sonne warf keinen Schatten	Mahr Kurt	Perry Rhodan	scifi	Pabel-Moewig
Testflug zur Erde	Francis Hans Gerhard	Perry Rhodan	scifi	Pabel-Moewig
Das Elixier der Götter	Darlton Clark	Perry Rhodan	scifi	Pabel-Moewig
Rückkehr ins Jahr 2000	Ewers Horst Gehrmann	Perry Rhodan	scifi	Pabel-Moewig
Menschheit im Test	Voltz William	Perry Rhodan	scifi	Pabel-Moewig
Schlachtfeld Erde	Vlcek Ernst	Perry Rhodan	scifi	Pabel-Moewig
Die Gladiatoren von Terra	Kneifel Hans	Perry Rhodan	scifi	Pabel-Moewig
Kidnapper im Weltraum	Darlton Clark	Perry Rhodan	scifi	Pabel-Moewig
Jenseits der Energiemauer	Ewers Horst Gehrmann	Perry Rhodan	scifi	Pabel-Moewig
Der Sonnengigant	Voltz William	Perry Rhodan	scifi	Pabel-Moewig
Das Gesetz der Götzen	Francis Hans Gerhard	Perry Rhodan	scifi	Pabel-Moewig
Die Erde im Hypersturm	Vlcek Ernst	Perry Rhodan	scifi	Pabel-Moewig
Die Inseln des Wahnsinns	Kneifel Hans	Perry Rhodan	scifi	Pabel-Moewig
Gucky, der Tambu-Gott	Darlton Clark	Perry Rhodan	scifi	Pabel-Moewig
Verstoßen ins Nichts	Voltz William	Perry Rhodan	scifi	Pabel-Moewig
Kurier nach Sol	Mahr Kurt	Perry Rhodan	scifi	Pabel-Moewig
Gespensterjagd	Ewers Horst Gehrmann	Perry Rhodan	scifi	Pabel-Moewig
Die Zeit mutiert	Vlcek Ernst	Perry Rhodan	scifi	Pabel-Moewig
Gucky, der Meisterdieb	Darlton Clark	Perry Rhodan	scifi	Pabel-Moewig
Planet im Hyperraum	Voltz William	Perry Rhodan	scifi	Pabel-Moewig
Der Mann aus dem Eis	Voltz William	Perry Rhodan	scifi	Pabel-Moewig
Rebellion der Cynos	Ewers Horst Gehrmann	Perry Rhodan	scifi	Pabel-Moewig
Das Korps der Cappins	Ewers Horst Gehrmann	Perry Rhodan	scifi	Pabel-Moewig
Die Stimmen der Qual	Vlcek Ernst	Perry Rhodan	scifi	Pabel-Moewig
Raumschiff der Besessenen	Vlcek Ernst	Perry Rhodan	scifi	Pabel-Moewig
Die Stunde des Symbionten	Mahr Kurt	Perry Rhodan	scifi	Pabel-Moewig
Die Lady und der Barbar	Kneifel Hans	Perry Rhodan	scifi	Pabel-Moewig
Das Himmelsmetall	Darlton Clark	Perry Rhodan	scifi	Pabel-Moewig
Stadt im Lavameer	Francis Hans Gerhard	Perry Rhodan	scifi	Pabel-Moewig
Ein Mutant verschwindet	Voltz William	Perry Rhodan	scifi	Pabel-Moewig
Ein Mutant wird gejagt	Voltz William	Perry Rhodan	scifi	Pabel-Moewig
Im Labyrinth der Toten	Ewers Horst Gehrmann	Perry Rhodan	scifi	Pabel-Moewig
Die Psycho-Vampire	Vlcek Ernst	Perry Rhodan	scifi	Pabel-Moewig
Die Zeitritter	Darlton Clark	Perry Rhodan	scifi	Pabel-Moewig
Die Geistermutanten	Mahr Kurt	Perry Rhodan	scifi	Pabel-Moewig
Die Mutantenfänger	Kneifel Hans	Perry Rhodan	scifi	Pabel-Moewig
Der Ara und die Verzweifelten	Voltz William	Perry Rhodan	scifi	Pabel-Moewig
Der Mutantenplan	Francis Hans Gerhard	Perry Rhodan	scifi	Pabel-Moewig
Das Doppelspiel des Arkoniden	Voltz William	Perry Rhodan	scifi	Pabel-Moewig
Der Riese aus dem All	Mahr Kurt	Perry Rhodan	scifi	Pabel-Moewig
Die Flotte der Retter	Kneifel Hans	Perry Rhodan	scifi	Pabel-Moewig
Die Überlebensspezialisten	Ewers Horst Gehrmann	Perry Rhodan	scifi	Pabel-Moewig
Station der Gegenwelt	Ewers Horst Gehrmann	Perry Rhodan	scifi	Pabel-Moewig
Flugziel unbekannt	Darlton Clark	Perry Rhodan	scifi	Pabel-Moewig
Die Paradox-Intelligenz	Vlcek Ernst	Perry Rhodan	scifi	Pabel-Moewig
Eine Welt in Trümmern	Vlcek Ernst	Perry Rhodan	scifi	Pabel-Moewig
Der Metapsychische Krieg	Darlton Clark	Perry Rhodan	scifi	Pabel-Moewig
Der Kampf der Paramags	Francis Hans Gerhard	Perry Rhodan	scifi	Pabel-Moewig
Die Antimaterie-Gefahr	Kneifel Hans	Perry Rhodan	scifi	Pabel-Moewig
Planetoid im Hypersturm	Ewers Horst Gehrmann	Perry Rhodan	scifi	Pabel-Moewig
Das letzte Asyl	Vlcek Ernst	Perry Rhodan	scifi	Pabel-Moewig
Die Para-Bank	Voltz William	Perry Rhodan	scifi	Pabel-Moewig
Tag der Entscheidung	Mahr Kurt	Perry Rhodan	scifi	Pabel-Moewig
Die unsichtbare Grenze	Mahr Kurt	Perry Rhodan	scifi	Pabel-Moewig
Die falschen Mutanten	Voltz William	Perry Rhodan	scifi	Pabel-Moewig
Der Sprung nach Luna	Darlton Clark	Perry Rhodan	scifi	Pabel-Moewig
Planet der Ritterspiele	Ewers Horst Gehrmann	Perry Rhodan	scifi	Pabel-Moewig
Triumph der Gewalt	Vlcek Ernst	Perry Rhodan	scifi	Pabel-Moewig
Sprung nach GALAX-Zero	Kneifel Hans	Perry Rhodan	scifi	Pabel-Moewig
Marathon der Raumschiffe	Mahr Kurt	Perry Rhodan	scifi	Pabel-Moewig
Arena Eiswelt	Voltz William	Perry Rhodan	scifi	Pabel-Moewig
Auf den Spuren der PAD	Darlton Clark	Perry Rhodan	scifi	Pabel-Moewig
Operation Sternstunde	Ewers Horst Gehrmann	Perry Rhodan	scifi	Pabel-Moewig
Pilgerflug nach Terra	Vlcek Ernst	Perry Rhodan	scifi	Pabel-Moewig
Brennpunkt Medo-Center	Kneifel Hans	Perry Rhodan	scifi	Pabel-Moewig
Galaxis am Abgrund	Francis Hans Gerhard	Perry Rhodan	scifi	Pabel-Moewig
Geißel der Menschheit	Mahr Kurt	Perry Rhodan	scifi	Pabel-Moewig
Flugziel Andromeda	Voltz William	Perry Rhodan	scifi	Pabel-Moewig
Gefahr für Andromeda	Voltz William	Perry Rhodan	scifi	Pabel-Moewig
Die Andro-Pest	Ewers Horst Gehrmann	Perry Rhodan	scifi	Pabel-Moewig
Der Kampf um die Positronik	Darlton Clark	Perry Rhodan	scifi	Pabel-Moewig
Zweikampf der Immunen	Kneifel Hans	Perry Rhodan	scifi	Pabel-Moewig
Jagd nach der Zeitmaschine	Mahr Kurt	Perry Rhodan	scifi	Pabel-Moewig
Reise durch den Zeitstrom	Vlcek Ernst	Perry Rhodan	scifi	Pabel-Moewig
Die Zeitkorrektur	Ewers Horst Gehrmann	Perry Rhodan	scifi	Pabel-Moewig
Gehirn in Fesseln	Kneifel Hans	Perry Rhodan	scifi	Pabel-Moewig
Markt der Gehirne	Voltz William	Perry Rhodan	scifi	Pabel-Moewig
In den Katakomben von Nopaloor	Darlton Clark	Perry Rhodan	scifi	Pabel-Moewig
Die Nullzeit-Brücke	Francis Hans Gerhard	Perry Rhodan	scifi	Pabel-Moewig
Kampf der Gehirne	Mahr Kurt	Perry Rhodan	scifi	Pabel-Moewig
Die Hölle von Maczadosch	Vlcek Ernst	Perry Rhodan	scifi	Pabel-Moewig
Der Ceynach-Jäger	Voltz William	Perry Rhodan	scifi	Pabel-Moewig
Im Nachtclub der Vampire	Helmut Rellergerd	John Sinclair	horror	Bastei
Die Totenkopf-Insel	Helmut Rellergerd	John Sinclair	horror	Bastei
Achterbahn ins Jenseits	Helmut Rellergerd	John Sinclair	horror	Bastei
Damona, Dienerin des Satans	Helmut Rellergerd	John Sinclair	horror	Bastei
Der Mörder mit dem Januskopf	Helmut Rellergerd	John Sinclair	horror	Bastei
Schach mit dem Dämon	Helmut Rellergerd	John Sinclair	horror	Bastei
Das Horror-Schloß im Spessart	Helmut Rellergerd	John Sinclair	horror	Bastei
Der Vulkan-Teufel von Hawaii	Fritz Tenkrat	John Sinclair	horror	Bastei
Der endlose Tod	Fritz Tenkrat	John Sinclair	horror	Bastei
Der Irre mit der Teufelsgeige	Helmut Rellergerd	John Sinclair	horror	Bastei
Lebendig begraben	Helmut Rellergerd	John Sinclair	horror	Bastei
Geister-Roulett	Helmut Rellergerd	John Sinclair	horror	Bastei
Der schwarze Henker	Helmut Rellergerd	John Sinclair	horror	Bastei
Der siebenarmige Tod	Fritz Tenkrat	John Sinclair	horror	Bastei
Das Mädchen von Atlantis	Helmut Rellergerd	John Sinclair	horror	Bastei
Das Dämonenauge	Helmut Rellergerd	John Sinclair	horror	Bastei
Im Landhaus der Schrecken	Fritz Tenkrat	John Sinclair	horror	Bastei
Anruf aus dem Jenseits	Helmut Rellergerd	John Sinclair	horror	Bastei
Die Hexe von Java	Helmut Rellergerd	John Sinclair	horror	Bastei
Der unheimliche Mönch	Helmut Rellergerd	John Sinclair	horror	Bastei
Das Geheimnis des Spiegels	Fritz Tenkrat	John Sinclair	horror	Bastei
Maringo, der Höllenreiter	Helmut Rellergerd	John Sinclair	horror	Bastei
Insel der Seelenlosen	Fritz Tenkrat	John Sinclair	horror	Bastei
Die Rückkehr des Rächers	Helmut Rellergerd	John Sinclair	horror	Bastei
Hexentanz	Fritz Tenkrat	John Sinclair	horror	Bastei
Teufelstrank um Mitternacht	Helmut Rellergerd	John Sinclair	horror	Bastei
Der Turm der 1000 Schrecken	Fritz Tenkrat	John Sinclair	horror	Bastei
Der Pfähler	Helmut Rellergerd	John Sinclair	horror	Bastei
Dracula gibt sich die Ehre	Helmut Rellergerd	John Sinclair	horror	Bastei
Die Vampirfalle	Helmut Rellergerd	John Sinclair	horror	Bastei
Panik in Tokio	Walter Appel	John Sinclair	horror	Bastei
Die Horror-Reiter	Helmut Rellergerd	John Sinclair	horror	Bastei
Das Todesmoor	Fritz Tenkrat	John Sinclair	horror	Bastei
Die Ameisen greifen an	Helmut Rellergerd	John Sinclair	horror	Bastei
Das Amulett des Sonnengottes	Richard Wunderer	John Sinclair	horror	Bastei
Der Totenbeschwörer	Helmut Rellergerd	John Sinclair	horror	Bastei
Der Vampir von Manhattan	Walter Appel	John Sinclair	horror	Bastei
Das Trio des Teufels	Helmut Rellergerd	John Sinclair	horror	Bastei
Die Werwölfe von Wien	Fritz Tenkrat	John Sinclair	horror	Bastei
Die Dämonenschmiede	Richard Wunderer	John Sinclair	horror	Bastei
Das Grauen an der Themse	Richard Wunderer	John Sinclair	horror	Bastei
Der Gelbe Satan	Helmut Rellergerd	John Sinclair	horror	Bastei
Assungas Zaubermantel	Helmut Rellergerd	John Sinclair	horror	Bastei
Draculas Blutgemach	Helmut Rellergerd	John Sinclair	horror	Bastei
Die Nacht der bösen Frauen	Helmut Rellergerd	John Sinclair	horror	Bastei
Die Insel des Kopfjägers	Helmut Rellergerd	John Sinclair	horror	Bastei
Der Pestbringer	Helmut Rellergerd	John Sinclair	horror	Bastei
Schrei nach dem Satan	Helmut Rellergerd	John Sinclair	horror	Bastei
Geheimbund Dunkler Gral	Helmut Rellergerd	John Sinclair	horror	Bastei
Verliebt in eine Tote	Helmut Rellergerd	John Sinclair	horror	Bastei
Das Seelenschwert	Helmut Rellergerd	John Sinclair	horror	Bastei
Die Mafia lädt zum Sterben ein	Jerry Cotton	Jerry Cotton	krimi	Bastei
Das Haus der 1000 Augen	Jerry Cotton	Jerry Cotton	krimi	Bastei
Mit Blut bezahlt	Jerry Cotton	Jerry Cotton	krimi	Bastei
Verwischte Spuren	Jerry Cotton	Jerry Cotton	krimi	Bastei
Bomben aus dem Jenseits	Jerry Cotton	Jerry Cotton	krimi	Bastei
Tödliche Verstrickungen	Jerry Cotton	Jerry Cotton	krimi	Bastei
Der Feind im Dunklen	Jerry Cotton	Jerry Cotton	krimi	Bastei
Mord per Inserat	Jerry Cotton	Jerry Cotton	krimi	Bastei
Mord gehört nicht zum Geschäft	Jerry Cotton	Jerry Cotton	krimi	Bastei
Ein Erpresser zu viel	Jerry Cotton	Jerry Cotton	krimi	Bastei
Bankraub mit Knalleffekt	Jerry Cotton	Jerry Cotton	krimi	Bastei
Millionäre sterben anders	Jerry Cotton	Jerry Cotton	krimi	Bastei
Tauchen in den Tod	Jerry Cotton	Jerry Cotton	krimi	Bastei
Der geheimnisvolle Coup	Jerry Cotton	Jerry Cotton	krimi	Bastei
Die Beute für den Boss	Jerry Cotton	Jerry Cotton	krimi	Bastei
Wir saßen auf dem Pulverfass	Jerry Cotton	Jerry Cotton	krimi	Bastei
Der letzte Vorhang fällt	Jerry Cotton	Jerry Cotton	krimi	Bastei
Tote sterben später	Jerry Cotton	Jerry Cotton	krimi	Bastei
Entführung war nicht eingeplant	Jerry Cotton	Jerry Cotton	krimi	Bastei
Heiße Juwelen	Jerry Cotton	Jerry Cotton	krimi	Bastei
Der Tod an Bord	Jerry Cotton	Jerry Cotton	krimi	Bastei
Gastspiel des Todes	Jerry Cotton	Jerry Cotton	krimi	Bastei
Tödlicher Schnee	Jerry Cotton	Jerry Cotton	krimi	Bastei
24 Stunden für McKing	Jerry Cotton	Jerry Cotton	krimi	Bastei
Der Tod im Fernsehstudio	Jerry Cotton	Jerry Cotton	krimi	Bastei
Der Feind im Dunkeln	Jerry Cotton	Jerry Cotton	krimi	Bastei
Der Tod für 20 Dollar	Jerry Cotton	Jerry Cotton	krimi	Bastei
Mordnacht in Manhattan	Jerry Cotton	Jerry Cotton	krimi	Bastei
Ein teuflischer Plan	Jerry Cotton	Jerry Cotton	krimi	Bastei
Mordsaison	Jerry Cotton	Jerry Cotton	krimi	Bastei
Infight mit dem FBI	Jerry Cotton	Jerry Cotton	krimi	Bastei
Der eiskalte Tod	Jerry Cotton	Jerry Cotton	krimi	Bastei
Heroin auf nackter Haut	Jerry Cotton	Jerry Cotton	krimi	Bastei
Klinik der grausamen Frauen	Jerry Cotton	Jerry Cotton	krimi	Bastei
Wild wie eine Harlem-Katze	Jerry Cotton	Jerry Cotton	krimi	Bastei
Du musst sterben, Lady!	Jerry Cotton	Jerry Cotton	krimi	Bastei
Die Florida-Killer	Jerry Cotton	Jerry Cotton	krimi	Bastei
In der siebten Hölle	Jerry Cotton	Jerry Cotton	krimi	Bastei
Das siebte Opfer	Jerry Cotton	Jerry Cotton	krimi	Bastei
Todesspur der Rache	Jerry Cotton	Jerry Cotton	krimi	Bastei
Blutgeld	Jerry Cotton	Jerry Cotton	krimi	Bastei
Der Boss, den keiner kannte	Jerry Cotton	Jerry Cotton	krimi	Bastei
Duell mit dem Ceynach	Horst Gehrmann Ewers	Perry Rhodan	scifi	Pabel-Moewig
Das Erbe der Yulocs	Clark Darlton	Perry Rhodan	scifi	Pabel-Moewig
Die fliegenden Städte	Hans Kneifel	Perry Rhodan	scifi	Pabel-Moewig
Ruf aus der Unendlichkeit	Hans Gerhard Francis	Perry Rhodan	scifi	Pabel-Moewig
Die psionische Jagd	Kurt Mahr	Perry Rhodan	scifi	Pabel-Moewig
Aufstand der Mucton-Yul	Horst Gehrmann Ewers	Perry Rhodan	scifi	Pabel-Moewig
Das steinerne Gehirn	William Voltz	Perry Rhodan	scifi	Pabel-Moewig
Der Raytscha stirbt	Hans Gerhard Francis	Perry Rhodan	scifi	Pabel-Moewig
Der Fremde von Catron	Hans Kneifel	Perry Rhodan	scifi	Pabel-Moewig
Der Konterplan	Ernst Vlcek	Perry Rhodan	scifi	Pabel-Moewig
Der Tod des Großadministrators	Kurt Mahr	Perry Rhodan	scifi	Pabel-Moewig
Das verrückte Gehirn	William Voltz	Perry Rhodan	scifi	Pabel-Moewig
Das Geisterspiel	Horst Gehrmann Ewers	Perry Rhodan	scifi	Pabel-Moewig
Die Flotte der Selbstmörder	Hans Gerhard Francis	Perry Rhodan	scifi	Pabel-Moewig
Planet der stillen Wächter	Ernst Vlcek	Perry Rhodan	scifi	Pabel-Moewig
Goliath aus der Vergangenheit	Hans Kneifel	Perry Rhodan	scifi	Pabel-Moewig
Die Catron-Ader	Kurt Mahr	Perry Rhodan	scifi	Pabel-Moewig
Kontakte mit der Ewigkeit	William Voltz	Perry Rhodan	scifi	Pabel-Moewig
Intrigen auf Payntec	Horst Gehrmann Ewers	Perry Rhodan	scifi	Pabel-Moewig
Der Kampf mit dem Yuloc	Clark Darlton	Perry Rhodan	scifi	Pabel-Moewig
Schach der Finsternis	Kurt Mahr	Perry Rhodan	scifi	Pabel-Moewig
Der Champagner-Pakt	None None	Julia Collection	liebes	Cora
Wem gehört nur dein Herz?	None None	Julia Extra	liebes	Cora
Heißes Happy End in Griechenland	Natasha Oakley	Julia Extra	liebes	Cora
Ein Milliardär verschenkt sein Herz	Jackie Brown	Julia Extra	liebes	Cora
Auf der Jacht des italienischen Millionärs	Sabrina Philips	Julia Extra	liebes	Cora
Sag Ja, ich will!	Stacy Connelly	Julia Extra	liebes	Cora
Verführt am Valentinstag?	Brenda Jackson	Julia Extra	liebes	Cora
Geküsst von einem Scheich	Lynn Raye Harris	Julia Extra	liebes	Cora
Keine Chance für die Liebe?	Charlotte Mortimer	Julia Extra	liebes	Cora
Vorsicht, Herzensbrecher!	Lindsay Armstrong	Julia Extra	liebes	Cora
Der Milliardär und das Zimmermädchen	Lynne Graham	Julia Extra	liebes	Cora
Die Schöne und der Scheich	Maisey Yates	Julia Extra	liebes	Cora
Ja, ich will – ein Date mit dir!	Susan Mallery	Julia Extra	liebes	Cora
Mit Prinz Charming auf dem Traumschiff	Fiona McArthur	Julia Extra	liebes	Cora
Sommerhimmel für zwei	Stephanie Bond	Julia Extra	liebes	Cora
Das Glück trägt wieder deinen Namen	Leah Ashton	Julia Extra	liebes	Cora
So schön und doch so kalt?	Kim Lawrence	Julia Extra	liebes	Cora
Verlieb dich nicht in deinen Boss!	Emma Darcy	Julia Extra	liebes	Cora
Sag mir: Ist es Liebe?	Lucy Monroe	Julia Extra	liebes	Cora
Alles Lüge! Oder Liebe?	Sophie Pembroke	Julia Extra	liebes	Cora
Eine Nacht, ein Jahr – ein Leben?	Jennifer Lucas	Julia Extra	liebes	Cora
Gerettet von einem Traumprinzen	Winters Rebecca	Julia Extra	liebes	Cora
Liebessommer auf Sizilien	Smart Michelle	Julia Extra	liebes	Cora
Verführt von einem Playboy-Scheich	Harris Lynn Raye	Julia Extra	liebes	Cora
Verführt von einem italienischen Playboy	Kenny Janette	Julia Extra	liebes	Cora
Der falsche Verlobte – der richtige Mann?	Graham Lynne	Julia Extra	liebes	Cora
Wenn ein Milliardär dich begehrt	Kendrick Sharon	Julia Extra	liebes	Cora
Das heiße Herz der Wüstenprinzessin	Marinelli Carol	Julia Extra	liebes	Cora
Was schenkt man einem Millionär?	Gordon Lucy	Julia Extra	liebes	Cora
Im Bann des griechischen Milliardärs	Kendrick Sharon	Julia Extra	liebes	Cora
Küsse – heißer als Wüstenwind	Marinelli Carol	Julia Extra	liebes	Cora
